<?xml version="1.0" encoding="utf-8"?>
<Arts>
	<Art>
        <name>Zid boli</name>
        <description>Mirogoj - 1994.</description>
        <author>Dušan Džamonja</author>
        <imagePath></imagePath>
        <points>1</points>
        <latitude></latitude>
        <longitude></longitude>
    </Art>
	
	<Art>
        <name>Spomenik braniteljima</name>
        <description>Zapruđe - 1999</description>
        <author></author>
        <imagePath></imagePath>
        <points>1</points>
        <latitude></latitude>
        <longitude></longitude>
    </Art>
	
	<Art>
        <name>Spomenik braniteljima</name>
        <description>Vrapče - 1997.</description>
        <author></author>
        <imagePath></imagePath>
        <points>1</points>
        <latitude></latitude>
        <longitude></longitude>
    </Art>
	
	<Art>
        <name>Spomenik braniteljima</name>
        <description>Maksimir - 1999.</description>
        <author></author>
        <imagePath></imagePath>
        <points>1</points>
        <latitude></latitude>
        <longitude></longitude>
    </Art>
	
	<Art>
        <name>Navijačima Dinama</name>
        <description>1994.</description>
        <author>Velibor Mačukatin</author>
        <imagePath></imagePath>
        <points>1</points>
        <latitude></latitude>
        <longitude></longitude>
    </Art>
	
	<Art>
        <name>Tin Ujević</name>
        <description>1991.</description>
        <author>Miro Vuco</author>
        <imagePath></imagePath>
        <points>1</points>
        <latitude></latitude>
        <longitude></longitude>
    </Art>
	
	<Art>
        <name>Ante Starčević</name>
        <description>1999.</description>
        <author>Josip Poljan</author>
        <imagePath></imagePath>
        <points>1</points>
        <latitude></latitude>
        <longitude></longitude>
    </Art>
	
	<Art>
        <name>Marko Marulić</name>
        <description>1999.</description>
        <author>Vlado Radas</author>
        <imagePath></imagePath>
        <points>1</points>
        <latitude></latitude>
        <longitude></longitude>
    </Art>
	
	<Art>
        <name>fra Grgo Martić</name>
        <description>1994.</description>
        <author>Mladen Mikulin</author>
        <imagePath></imagePath>
        <points>1</points>
        <latitude></latitude>
        <longitude></longitude>
    </Art>
	
	<Art>
        <name>Marija Jurić Zagorka</name>
        <description>1996.</description>
        <author>Stjepan Gračan</author>
        <imagePath></imagePath>
        <points>1</points>
        <latitude></latitude>
        <longitude></longitude>
    </Art>
	
	<Art>
        <name>Većeslav Holjevac</name>
        <description>1994.</description>
        <author>Zvonimir Gračan</author>
        <imagePath></imagePath>
        <points>1</points>
        <latitude></latitude>
        <longitude></longitude>
    </Art>
	
	<Art>
        <name>Franjo Bučar</name>
        <description>1991.</description>
        <author>Kosta Angeli Radovani</author>
        <imagePath></imagePath>
        <points>1</points>
        <latitude></latitude>
        <longitude></longitude>
    </Art>
	
	<Art>
        <name>Faust Vrančić</name>
        <description>1993.</description>
        <author>Kosta Angeli Radovani</author>
        <imagePath></imagePath>
        <points>1</points>
        <latitude></latitude>
        <longitude></longitude>
    </Art>
	
	<Art>
        <name>Velimir Lojda</name>
        <description>1999.</description>
        <author>Mladen Mikulin</author>
        <imagePath></imagePath>
        <points>1</points>
        <latitude></latitude>
        <longitude></longitude>
    </Art>
	
	<Art>
        <name>Oton Kučera</name>
        <description>1998.</description>
        <author>Marija Ujević Galetović</author>
        <imagePath></imagePath>
        <points>1</points>
        <latitude></latitude>
        <longitude></longitude>
    </Art>
	
	<Art>
        <name>Ivan Krstitelj Rabljanin</name>
        <description>1995.</description>
        <author>Kosta Angeli Radovani</author>
        <imagePath></imagePath>
        <points>1</points>
        <latitude></latitude>
        <longitude></longitude>
    </Art>
	
	<Art>
        <name>Ferdinand Kovačević</name>
        <description>1999.</description>
        <author>Stanko Jančić</author>
        <imagePath></imagePath>
        <points>1</points>
        <latitude></latitude>
        <longitude></longitude>
    </Art>
	
	<Art>
        <name>Petar Guberina</name>
        <description>1996.</description>
        <author>Vladimir Herljević</author>
        <imagePath></imagePath>
        <points>1</points>
        <latitude></latitude>
        <longitude></longitude>
    </Art>
	
	<Art>
        <name>Krešimir Ćosić</name>
        <description>1996.</description>
        <author>Anto Jurkić</author>
        <imagePath></imagePath>
        <points>1</points>
        <latitude></latitude>
        <longitude></longitude>
    </Art>
	
	<Art>
        <name>Ruđer Bošković</name>
        <description>1996.</description>
        <author>Stjepan Divković</author>
        <imagePath></imagePath>
        <points>1</points>
        <latitude></latitude>
        <longitude></longitude>
    </Art>
	
	<Art>
        <name>Žabinjak</name>
        <description>1994.</description>
        <author>Stjepan Gračan</author>
        <imagePath></imagePath>
        <points>1</points>
        <latitude></latitude>
        <longitude></longitude>
    </Art>
	
	<Art>
        <name>Kotač vremena</name>
        <description>Milena Lah</description>
        <author>1993.</author>
        <imagePath></imagePath>
        <points>1</points>
        <latitude></latitude>
        <longitude></longitude>
    </Art>
	
	<Art>
        <name>Kapi</name>
        <description>1991.</description>
        <author>Ratko Petrić</author>
        <imagePath></imagePath>
        <points>1</points>
        <latitude></latitude>
        <longitude></longitude>
    </Art>
	
	<Art>
        <name>Kamen temeljac</name>
        <description>1993.</description>
        <author>Miro Vuco</author>
        <imagePath></imagePath>
        <points>1</points>
        <latitude></latitude>
        <longitude></longitude>
    </Art>
	
	<Art>
        <name>Odbojkaši</name>
        <description>1994.</description>
        <author>Stanko Jančić</author>
        <imagePath></imagePath>
        <points>1</points>
        <latitude></latitude>
        <longitude></longitude>
    </Art>
	
	<Art>
        <name>Zid</name>
        <description>1998.</description>
        <author>Ivona Biočić-Mandić</author>
        <imagePath></imagePath>
        <points>1</points>
        <latitude></latitude>
        <longitude></longitude>
    </Art>
	
	<Art>
        <name>Tvrdalj</name>
        <description>1994.</description>
        <author>Šime Vulas</author>
        <imagePath></imagePath>
        <points>1</points>
        <latitude></latitude>
        <longitude></longitude>
    </Art>
	
	<Art>
        <name>Tron</name>
        <description>1994.</description>
        <author>Marijana Birtić</author>
        <imagePath></imagePath>
        <points>1</points>
        <latitude></latitude>
        <longitude></longitude>
    </Art>
	
	<Art>
        <name>Tenisačica</name>
        <description>1990.</description>
        <author>Anto Jurkić</author>
        <imagePath></imagePath>
        <points>1</points>
        <latitude></latitude>
        <longitude></longitude>
    </Art>
	
	<Art>
        <name>Stradanje i stvaranje</name>
        <description>1997.</description>
        <author>Špiro Dmitrović</author>
        <imagePath></imagePath>
        <points>1</points>
        <latitude></latitude>
        <longitude></longitude>
    </Art>
	
	<Art>
        <name>Prizemljeno sunce</name>
        <description>1994.</description>
        <author>Ivan Kožarić</author>
        <imagePath></imagePath>
        <points>1</points>
        <latitude></latitude>
        <longitude></longitude>
    </Art>
	
	<Art>
        <name>Prozor</name>
        <description>1991.</description>
        <author>Vera Dajht Kralj</author>
        <imagePath></imagePath>
        <points>1</points>
        <latitude></latitude>
        <longitude></longitude>
    </Art>
	
	<Art>
        <name>Košarkaši</name>
        <description>1991.</description>
        <author>Stanko Jančić</author>
        <imagePath></imagePath>
        <points>1</points>
        <latitude></latitude>
        <longitude></longitude>
    </Art>
	
	<Art>
        <name>Igra</name>
        <description>1992.</description>
        <author>Miroslav Župančić</author>
        <imagePath></imagePath>
        <points>1</points>
        <latitude></latitude>
        <longitude></longitude>
    </Art>
	
	<Art>
        <name>Hrvatski sokol</name>
        <description>1925/1995.</description>
        <author>A.Freundenreich/M.Mikulin</author>
        <imagePath></imagePath>
        <points>1</points>
        <latitude></latitude>
        <longitude></longitude>
    </Art>
	
	<Art>
        <name>Grozdana</name>
        <description>1996.</description>
        <author>Miroslav Župančić</author>
        <imagePath></imagePath>
        <points>1</points>
        <latitude></latitude>
        <longitude></longitude>
    </Art>
	
	<Art>
        <name>Brod na suhom</name>
        <description>1999.</description>
        <author>Petar Dolić</author>
        <imagePath></imagePath>
        <points>1</points>
        <latitude></latitude>
        <longitude></longitude>
    </Art>
	
	<Art>
        <name>Fontana</name>
        <description>1991.</description>
        <author>Trg Bartola Kašića - Z. Hebar</author>
        <imagePath></imagePath>
        <points>1</points>
        <latitude></latitude>
        <longitude></longitude>
    </Art>
	
	<Art>
        <name>Fontana</name>
        <description>Park prijateljstva - 1998.</description>
        <author></author>
        <imagePath></imagePath>
        <points>1</points>
        <latitude></latitude>
        <longitude></longitude>
    </Art>
	
	<Art>
        <name>NSB</name>
        <description>1995.</description>
        <author>M. Hržić. Z. Krznarić, D. Mance i V. Neidhardt</author>
        <imagePath></imagePath>
        <points>1</points>
        <latitude></latitude>
        <longitude></longitude>
    </Art>
</Arts>