<?xml version="1.0" encoding="utf-8"?>
<Arts>
	<Art>
        <name>Muzej suvremene umjetnosti</name>
        <description>2009.</description>
        <author>Igor Franić</author>
        <imagePath></imagePath>
        <points>1</points>
        <latitude></latitude>
        <longitude></longitude>
    </Art>
	
	<Art>
        <name>Zagreb Tower</name>
        <description>2006.</description>
        <author>Otto Barić</author>
        <imagePath></imagePath>
        <points>1</points>
        <latitude></latitude>
        <longitude></longitude>
    </Art>
	
	<Art>
        <name>Hypo centar</name>
        <description>2007.</description>
        <author>Thom Mayne/Arh. ured Tehnozone</author>
        <imagePath></imagePath>
        <points>1</points>
        <latitude></latitude>
        <longitude></longitude>
    </Art>
	
	<Art>
        <name>Hoto Tower</name>
        <description>2005.</description>
        <author>projektant Marijan Turkulin</author>
        <imagePath></imagePath>
        <points>1</points>
        <latitude></latitude>
        <longitude></longitude>
    </Art>
	
	<Art>
        <name>Grand centar</name>
        <description>2006.</description>
        <author>V. Kresnik-Vojnović i Ž. Sestrić</author>
        <imagePath></imagePath>
        <points>1</points>
        <latitude></latitude>
        <longitude></longitude>
    </Art>
	
	<Art>
        <name>Croatia osiguranje</name>
        <description>2004.</description>
        <author>Velimir Neidhardt</author>
        <imagePath></imagePath>
        <points>1</points>
        <latitude></latitude>
        <longitude></longitude>
    </Art>
	
	<Art>
        <name>Arena</name>
        <description>2008.</description>
        <author>Arh. ured UPI-2M</author>
        <imagePath></imagePath>
        <points>1</points>
        <latitude></latitude>
        <longitude></longitude>
    </Art>
	
	<Art>
        <name>Almeria</name>
        <description>2006.</description>
        <author>M. Pivac i M. Dragomanović</author>
        <imagePath></imagePath>
        <points>1</points>
        <latitude></latitude>
        <longitude></longitude>
    </Art>
	
	<Art>
        <name>Plesačica</name>
        <description>2001.</description>
        <author>Iris Lobaš</author>
        <imagePath></imagePath>
        <points>1</points>
        <latitude></latitude>
        <longitude></longitude>
    </Art>
	
	<Art>
        <name>Kit</name>
        <description>2001.</description>
        <author>Denis Krašković</author>
        <imagePath></imagePath>
        <points>1</points>
        <latitude></latitude>
        <longitude></longitude>
    </Art>
	
	<Art>
        <name>Čovjek preko i Stoj</name>
        <description>2001.</description>
        <author>Andreja Hotko-Pavić</author>
        <imagePath></imagePath>
        <points>1</points>
        <latitude></latitude>
        <longitude></longitude>
    </Art>
	
	<Art>
        <name>Bandićeve fontane</name>
        <description>Sveučilišna poljana - 2012.</description>
        <author>Helena Paver-Njirić</author>
        <imagePath></imagePath>
        <points>1</points>
        <latitude></latitude>
        <longitude></longitude>
    </Art>
	
	<Art>
        <name>Jedra</name>
        <description>2002.</description>
        <author>Šime Vulas</author>
        <imagePath></imagePath>
        <points>1</points>
        <latitude></latitude>
        <longitude></longitude>
    </Art>
	
	<Art>
        <name>Ruka</name>
        <description>2011.</description>
        <author>Ivan Kožarić</author>
        <imagePath></imagePath>
        <points>1</points>
        <latitude></latitude>
        <longitude></longitude>
    </Art>
	
	<Art>
        <name>Putokaz</name>
        <description>2006.</description>
        <author>Zvonimir Lončarić</author>
        <imagePath></imagePath>
        <points>1</points>
        <latitude></latitude>
        <longitude></longitude>
    </Art>
	
	<Art>
        <name>Međaš</name>
        <description>2016.</description>
        <author>Zlatko Bourek</author>
        <imagePath></imagePath>
        <points>1</points>
        <latitude></latitude>
        <longitude></longitude>
    </Art>
	
	<Art>
        <name>Žena-mačka</name>
        <description>2001.</description>
        <author>Marija Ujević-Galetović</author>
        <imagePath></imagePath>
        <points>1</points>
        <latitude></latitude>
        <longitude></longitude>
    </Art>
	
	<Art>
        <name>Veliki prodor</name>
        <description>2002.</description>
        <author>Ljubo De Karina</author>
        <imagePath></imagePath>
        <points>1</points>
        <latitude></latitude>
        <longitude></longitude>
    </Art>
	
	<Art>
        <name>Uzastopnost</name>
        <description>2000.</description>
        <author>Petar Barišić</author>
        <imagePath></imagePath>
        <points>1</points>
        <latitude></latitude>
        <longitude></longitude>
    </Art>
	
	<Art>
        <name>Sintezav</name>
        <description>Arena - 2008.</description>
        <author>Arh. ured UPI-2M</author>
        <imagePath></imagePath>
        <points>1</points>
        <latitude></latitude>
        <longitude></longitude>
    </Art>
	
	<Art>
        <name>Miljokaz</name>                                                       
        <description>2008.</description>
        <author>Max Gangl</author>
        <imagePath></imagePath>
        <points>1</points>
        <latitude></latitude>
        <longitude></longitude>
    </Art>
	
	<Art>
        <name>La Futuro</name>
        <description>2001.</description>
        <author>Jesper Neergaard</author>
        <imagePath></imagePath>
        <points>1</points>
        <latitude></latitude>
        <longitude></longitude>
    </Art>
	
	<Art>
        <name>Kugla</name>
        <description>2002.</description>
        <author>Dušan Džamonja</author>
        <imagePath></imagePath>
        <points>1</points>
        <latitude></latitude>
        <longitude></longitude>
    </Art>
	
	<Art>
        <name>Kumica Barica</name>
        <description>2006.</description>
        <author>Stjepan Gračan</author>
        <imagePath></imagePath>
        <points>1</points>
        <latitude></latitude>
        <longitude></longitude>
    </Art>
	
	<Art>
        <name>Dar života</name>
        <description>2013.</description>
        <author>Dragan Kwiatkowski</author>
        <imagePath></imagePath>
        <points>1</points>
        <latitude></latitude>
        <longitude></longitude>
    </Art>
	
	<Art>
        <name>Čitač</name>
        <description>2002.</description>
        <author>Ivan Ivoš Iči</author>
        <imagePath></imagePath>
        <points>1</points>
        <latitude></latitude>
        <longitude></longitude>
    </Art>
	
	<Art>
        <name>Bumbina livada</name>
        <description>2016.</description>
        <author>Damir Mataušić</author>
        <imagePath></imagePath>
        <points>1</points>
        <latitude></latitude>
        <longitude></longitude>
    </Art>
	
	<Art>
        <name>Anđelu čuvaru</name>
        <description>2000.</description>
        <author>Ivona Biočić-Mandić</author>
        <imagePath></imagePath>
        <points>1</points>
        <latitude></latitude>
        <longitude></longitude>
    </Art>
	
	<Art>
        <name>Spomenik Matiji Ljubeku</name>
        <description>2000.</description>
        <author>Stipe Sikirica</author>
        <imagePath></imagePath>
        <points>1</points>
        <latitude></latitude>
        <longitude></longitude>
    </Art>
	
	<Art>
        <name>Spomenik braniteljima</name>
        <description>Trešnjevka - 2001.</description>
        <author></author>
        <imagePath></imagePath>
        <points>1</points>
        <latitude></latitude>
        <longitude></longitude>
    </Art>
	
	<Art>
        <name>Spomenik braniteljima</name>
        <description>Dubrava - 2000.</description>
        <author></author>
        <imagePath></imagePath>
        <points>1</points>
        <latitude></latitude>
        <longitude></longitude>
    </Art>
	
	<Art>
        <name>Spomenik braniteljima</name>
        <description>Peščenica - 2000.</description>
        <author></author>
        <imagePath></imagePath>
        <points>1</points>
        <latitude></latitude>
        <longitude></longitude>
    </Art>
	
	<Art>
        <name>Spomen-park Bošnjacima</name>
        <description>Borovje - 2012.</description>
        <author></author>
        <imagePath></imagePath>
        <points>1</points>
        <latitude></latitude>
        <longitude></longitude>
    </Art>
	
	<Art>
        <name>Stjepan Radić</name>
        <description>Zoran Jurić - 2007.</description>
        <author></author>
        <imagePath></imagePath>
        <points>1</points>
        <latitude></latitude>
        <longitude></longitude>
    </Art>
	
	<Art>
        <name>Dražen Petrović</name>
        <description>2006.</description>
        <author>Kuzma Kovačić</author>
        <imagePath></imagePath>
        <points>1</points>
        <latitude></latitude>
        <longitude></longitude>
    </Art>
	
	<Art>
        <name>Miroslav Krleža</name>
        <description>2004.</description>
        <author>Marija Ujević Galetović</author>
        <imagePath></imagePath>
        <points>1</points>
        <latitude></latitude>
        <longitude></longitude>
    </Art>
	
	<Art>
        <name>Juraj Križanić</name>
        <description>2010.</description>
        <author>Marija Ujević Galetović</author>
        <imagePath></imagePath>
        <points>1</points>
        <latitude></latitude>
        <longitude></longitude>
    </Art>
	
	<Art>
        <name>Benedikt Kotruljević</name>
        <description>2007.</description>
        <author>Ante Despot</author>
        <imagePath></imagePath>
        <points>1</points>
        <latitude></latitude>
        <longitude></longitude>
    </Art>
	
	<Art>
        <name>Bartol Kašić</name>
        <description>2001.</description>
        <author>Mile Grgas</author>
        <imagePath></imagePath>
        <points>1</points>
        <latitude></latitude>
        <longitude></longitude>
    </Art>
	
	<Art>
        <name>Nikola Šubić Zrinski</name>
        <description>2017.</description>
        <author>Vladimir Herljević</author>
        <imagePath></imagePath>
        <points>1</points>
        <latitude></latitude>
        <longitude></longitude>
    </Art>
	
	<Art>
        <name>Taras Ševčenko</name>
        <description>2015.</description>
        <author>Konstantin Dobrjansky</author>
        <imagePath></imagePath>
        <points>1</points>
        <latitude></latitude>
        <longitude></longitude>
    </Art>
	
	<Art>
        <name>Joe Strummer</name>
        <description>2013.</description>
        <author>Marin Marinić</author>
        <imagePath></imagePath>
        <points>1</points>
        <latitude></latitude>
        <longitude></longitude>
    </Art>
	
	<Art>
        <name>David Schwarz</name>
        <description>2000.</description>
        <author>Stjepan Gračan</author>
        <imagePath></imagePath>
        <points>1</points>
        <latitude></latitude>
        <longitude></longitude>
    </Art>
	
	<Art>
        <name>Slava Raškaj</name>
        <description>2000.</description>
        <author>Velibor Mačukatin ml.</author>
        <imagePath></imagePath>
        <points>1</points>
        <latitude></latitude>
        <longitude></longitude>
    </Art>
	
	<Art>
        <name>Aleksandar Sergejevič Puškin</name>
        <description>2016.</description>
        <author>(nepoznato)</author>
        <imagePath></imagePath>
        <points>1</points>
        <latitude></latitude>
        <longitude></longitude>
    </Art>
	
	<Art>
        <name>Slavoljub Penkala</name>
        <description>2004.</description>
        <author>Linda Milić Kršnjavi</author>
        <imagePath></imagePath>
        <points>1</points>
        <latitude></latitude>
        <longitude></longitude>
    </Art>
	
	<Art>
        <name>Jókai Mór</name>
        <description>2019.</description>
        <author>Győrgy Adám</author>
        <imagePath></imagePath>
        <points>1</points>
        <latitude></latitude>
        <longitude></longitude>
    </Art>
	
	<Art>
        <name>Ivan Merz</name>
        <description>2007.</description>
        <author>Vid Vučak</author>
        <imagePath></imagePath>
        <points>1</points>
        <latitude></latitude>
        <longitude></longitude>
    </Art>
	
	<Art>
        <name>Vatroslav Lisinski</name>
        <description>2004.</description>
        <author>Mile Grgas</author>
        <imagePath></imagePath>
        <points>1</points>
        <latitude></latitude>
        <longitude></longitude>
    </Art>
	
	<Art>
        <name>Vera Johanides</name>
        <description>2011.</description>
        <author>Slavomir Drinković</author>
        <imagePath></imagePath>
        <points>1</points>
        <latitude></latitude>
        <longitude></longitude>
    </Art>
	
	<Art>
        <name>Sergej Aleksandrovič Jesenjin</name>
        <description>2017.</description>
        <author>Aleksandar Zvjagin</author>
        <imagePath></imagePath>
        <points>1</points>
        <latitude></latitude>
        <longitude></longitude>
    </Art>
	
	<Art>
        <name>Franjo Hanaman</name>
        <description>2001.</description>
        <author>Stanko Jančić</author>
        <imagePath></imagePath>
        <points>1</points>
        <latitude></latitude>
        <longitude></longitude>
    </Art>
	
	<Art>
        <name>Juraj Habdelić</name>
        <description>2000.</description>
        <author>Mladen Mikulin</author>
        <imagePath></imagePath>
        <points>1</points>
        <latitude></latitude>
        <longitude></longitude>
    </Art>
	
	<Art>
        <name>Ljudevit Gaj</name>
        <description>2008.</description>
        <author>Tomo Serafinovski</author>
        <imagePath></imagePath>
        <points>1</points>
        <latitude></latitude>
        <longitude></longitude>
    </Art>
	
	<Art>
        <name>Henri Dunant</name>
        <description>2011.</description>
        <author>Tomislav Kršnjavi</author>
        <imagePath></imagePath>
        <points>1</points>
        <latitude></latitude>
        <longitude></longitude>
    </Art>
	
	<Art>
        <name>Jurij Gagarin</name>
        <description>2016.</description>
        <author>Aleksej Leonov</author>
        <imagePath></imagePath>
        <points>1</points>
        <latitude></latitude>
        <longitude></longitude>
    </Art>
</Arts>